Link #,F_node,To_nod,Length,F_ID,Link_ID,To_ID
23194,12824,12823,0.103489km,1660023600,1660074200,2100026300
23195,12824,11102,0.178582km,2100026300,2100088600,1660023600
23196,11103,12824,0.054519km,2100026300,2100088600,1660023600
23211,2035,12831,0.224240km,1640035000,1128,133
23213,12832,2035,0.088257km,133,1129,1640035000
23214,12831,12832,0.107653km,133,1129,1640035000
